Time_mean;Distance_mean;DistanceInMeters_mean;E_horison_mean;E_hover_mean;E_total_mean;NodesLost_mean;P_nodeloss;PRP;Scenario
198.78371010101014,900.0218171717172,18000.436343434343,2181.990393005682,15358.003976985807,17539.994369991487,0.45454545454545453,0.1414141414141414,PRP1,0
175.9283393939394,938.317698989899,18766.35397979798,2274.8339714886365,13592.200964071353,15867.034935559988,0.0,0.0,PRP2,0
187.51384040404042,946.6757414141413,18933.51482828283,2295.097000590909,14487.295287937683,16782.392288528594,0.08080808080808081,0.020202020202020204,PRP3,0
257.44259896907215,929.9589360824742,18599.178721649485,2254.5691956649484,19889.98221636714,22144.551412032088,1.1237113402061856,0.4329896907216495,PRP1,1
253.9662724489796,1008.3595071428572,20167.190142857144,2444.641580129464,19621.401674763634,22066.043254893106,0.5408163265306123,0.23469387755102042,PRP2,1
243.79258041237114,1028.6034144329897,20572.068288659793,2493.7204028659794,18835.383531327912,21329.103934193896,0.4020618556701031,0.16494845360824742,PRP3,1
288.01309882352945,1188.0656105294117,23761.312210588232,2880.3165645272425,22251.85511885309,25132.171683380337,0.6823529411764706,0.31176470588235294,PRP1,3
286.6863917647059,1296.7227670588236,25934.45534117647,3143.7422583882353,22149.353901447736,25293.09615983597,0.4294117647058823,0.13529411764705881,PRP2,3
267.54438823529415,1194.6952147058823,23893.90429411765,2896.3892111525734,20670.44516097399,23566.834372126566,0.3588235294117647,0.19411764705882353,PRP3,3
